Java Programming 1,IT,JOHN BLACK
Java Programming 2,IT,JOHN BLACK
PHP Programming,"IT, HISTORY",FRED JONES
Social Work,"PSYCHOLOGY, SOCIOLOGY",FRED JONES
Creative Writing,ENGLISH,NATALIE WEST
Translation 1,"ENGLISH, FRENCH, GERMAN",TIM NIXON
Translation 2,"ENGLISH, ITALIAN, SPANISH",OLIVIA SCOTT
History of Art,"ART, HISTORY",GRACE CHANG
Scientific Methods,"BIOLOGY, CHEMISTRY, PHYSICS",ALLANAH DEAN
Introduction to Scottish Fiction,"ENGLISH, GAELIC",EMMA WATERS
Scottish History,"GAELIC, HISTORY",GRACE CHANG
Songwriting,"ENGLISH, MUSIC",ALLANAH DEAN
Sports Coaching,PE,IRIS MCCALLUM
Art and Design,"ART, PHOTOGRAPHY",JOSEPH GRAHAM
Primary Education,"ART, BIOLOGY, CHEMISTRY, ENGLISH, FRENCH, HISTORY, MATHS, PHYSICS",IRIS MCCALLUM
Cookery,COOKING,RYAN EASTON
Scottish Archaeology,"GAELIC, GEOGRAPHY",EMMA WATERS
Biology,BIOLOGY,ALLANAH DEAN
Chemistry,CHEMISTRY,ALLANAH DEAN
Physics,PHYSICS,ALLANAH DEAN
