JOHN BLACK,IT
GRACE CHANG,"ART, GAELIC, HISTORY"
OLIVIA SCOTT,"ENGLISH, FRENCH, ITALIAN, SPANISH"
TIM NIXON,"ENGLISH, FRENCH, GERMAN"
BELLA POTTER,"MATHS, PHYSICS"
ALLANAH DEAN,"BIOLOGY, CHEMISTRY, PHYSICS"
IRIS MCCALLUM,PE
FRED JONES,"PSYCHOLOGY, SOCIOLOGY"
JOSEPH GRAHAM,"ART, PHOTOGRAPHY"
MARTIN FRY,MUSIC
WILMA SOUTH,"GEOGRAPHY, SOCIOLOGY"
NATALIE WEST,"ART, BIOLOGY, CHEMISTRY, ENGLISH, FRENCH, HISTORY"
RYAN EASTON,COOKING
EMMA WATERS,"ENGLISH, GAELIC, GEOGRAPHY, SOCIOLOGY"
NICK SMITH,IT
